{
    "items" : [
        {
            "label" : "Image",
            "cell" : "XUIGroupCell"
        },
        {
            "path" : "..\/res\/bd_logo1_31bdc765.png",
            "cell" : "XUIListItemCell",
            "cellClass" : "XUIImageCell",
            "height" : 128
        },
        {
            "label" : "Switch",
            "cell" : "XUIGroupCell"
        },
        {
            "default" : true,
            "defaults" : "com.yourcompany.yourscript",
            "label" : "Sosh!",
            "cell" : "XUISwitchCell",
            "key" : "switch1"
        },
        {
            "get" : "valueForSpecifier:",
            "label" : "Version",
            "value" : "1.1.3",
            "cell" : "XUITitleValueCell"
        },
        {
            "get" : "valueForSpecifier:",
            "label" : "Dynamic",
            "defaults" : "com.yourcompany.yourscript",
            "cell" : "XUITitleValueCell",
            "key" : "switch1"
        },
        {
            "label" : "Actions",
            "cell" : "XUIGroupCell"
        },
        {
            "label" : "Copy a static string",
            "value" : "Hello, world!",
            "cell" : "XUIButtonCell",
            "action" : "copyString:"
        },
        {
            "path" : "xui-script.lua",
            "label" : "Launch a script",
            "cell" : "XUIButtonCell",
            "action" : "runScript:"
        },
        {
            "label" : "Back to previous pane",
            "cell" : "XUIButtonCell",
            "action" : "back"
        },
        {
            "label" : "Close this pane",
            "cell" : "XUIButtonCell",
            "action" : "close"
        }
    ],
    "title" : "Another Pane"
}